{
    "Ar36": {
        "error": 0.0015622214278102444, 
        "filter_outliers_dict": {
            "filter_outliers": true, 
            "iterations": 1, 
            "std_devs": 2
        }, 
        "fit": "Parabolic", 
        "value": 0.7538222041804908
    }, 
    "Ar37": {
        "error": 0.004633179509898171, 
        "filter_outliers_dict": {
            "filter_outliers": true, 
            "iterations": 1, 
            "std_devs": 2
        }, 
        "fit": "linear", 
        "value": 0.2920679929631551
    }, 
    "Ar38": {
        "error": 0.002428948839507885, 
        "filter_outliers_dict": {
            "filter_outliers": true, 
            "iterations": 1, 
            "std_devs": 2
        }, 
        "fit": "linear", 
        "value": 0.4329039707467703
    }, 
    "Ar39": {
        "error": 0.010833658686543199, 
        "filter_outliers_dict": {
            "filter_outliers": true, 
            "iterations": 1, 
            "std_devs": 2
        }, 
        "fit": "Parabolic", 
        "value": 11.402001980071297
    }, 
    "Ar40": {
        "error": 0.02020686617737031, 
        "filter_outliers_dict": {
            "filter_outliers": true, 
            "iterations": 1, 
            "std_devs": 2
        }, 
        "fit": "Parabolic", 
        "value": 228.7627030417827
    }, 
    "Ar41": {
        "error": 0.006191550582569895, 
        "filter_outliers_dict": {
            "filter_outliers": true, 
            "iterations": 1, 
            "std_devs": 2
        }, 
        "fit": "linear", 
        "value": -0.1271180939355886
    }
}