{
    "Ar36": {
        "error": 0.00049403522909805171, 
        "fit": "parabolic", 
        "value": 0.033943080549035096
    }, 
    "Ar37": {
        "error": 0.013853753224736658, 
        "fit": "linear", 
        "value": -0.025285318342358927
    }, 
    "Ar38": {
        "error": 0.010649318257408388, 
        "fit": "linear", 
        "value": 1.4160203408927707
    }, 
    "Ar39": {
        "error": 0.020181073282983561, 
        "fit": "parabolic", 
        "value": 116.38965301959007
    }, 
    "Ar40": {
        "error": 0.076892681416666539, 
        "fit": "parabolic", 
        "value": 1607.7856196265384
    }, 
    "Ar41": {
        "error": 0.0043175872864406398, 
        "fit": "average", 
        "value": -0.021300908246472541
    }
}