{
    "Ar36": {
        "error": 0.0028765073531470207, 
        "fit": "parabolic", 
        "value": 0.02983386010678786
    }, 
    "Ar37": {
        "error": 0.13651235917715474, 
        "fit": "linear", 
        "value": -0.024504683663400528
    }, 
    "Ar38": {
        "error": 0.11571042274409618, 
        "fit": "linear", 
        "value": 1.2557186606880193
    }, 
    "Ar39": {
        "error": 0.098499732605913368, 
        "fit": "parabolic", 
        "value": 102.75045502824949
    }, 
    "Ar40": {
        "error": 0.41790132627747512, 
        "fit": "parabolic", 
        "value": 1419.3954497205218
    }, 
    "Ar41": {
        "error": 0.12223709815669882, 
        "fit": "average_SEM", 
        "value": 0.019862530586542561
    }
}