{
    "Ar36": {
        "error": 0.052671491244248372, 
        "fit": "parabolic", 
        "value": 17.305194592213198
    }, 
    "Ar37": {
        "error": 0.24219828060772763, 
        "fit": "linear", 
        "value": 0.54612300974940831
    }, 
    "Ar38": {
        "error": 0.10870592136841614, 
        "fit": "linear", 
        "value": 3.4641864208219699
    }, 
    "Ar39": {
        "error": 0.058477695930022229, 
        "fit": "parabolic", 
        "value": 0.012151514770778464
    }, 
    "Ar40": {
        "error": 3.7548935827279228, 
        "fit": "parabolic", 
        "value": 5264.8640733904595
    }, 
    "Ar41": {
        "error": 0.11366137600366998, 
        "fit": "average_SEM", 
        "value": 0.25525621816166677
    }
}