{
    "AX": {
        "error": 0.05510993052711295, 
        "fit": "average_SEM", 
        "value": -0.026050898202417253
    }, 
    "CDD": {
        "error": 0.00021279179654230837, 
        "fit": "average_SEM", 
        "value": 0.0003208704666273358
    }, 
    "H1": {
        "error": 0.10878998889061076, 
        "fit": "average_SEM", 
        "value": 0.005666286795167253
    }, 
    "H2": {
        "error": 0.11074748456815083, 
        "fit": "average_SEM", 
        "value": 0.025192568120185874
    }, 
    "L1": {
        "error": 0.11229303796608697, 
        "fit": "average_SEM", 
        "value": -0.03862038967417902
    }, 
    "L2": {
        "error": 0.22457292759731917, 
        "fit": "average_SEM", 
        "value": 0.09981716687228376
    }
}