{
    "AX": {
        "error": 0.0550211447648369, 
        "fit": "average_SEM", 
        "value": -0.02787240147202586
    }, 
    "CDD": {
        "error": 0.00019488584898330057, 
        "fit": "average_SEM", 
        "value": 0.0002890380783355795
    }, 
    "H1": {
        "error": 0.10500006278299068, 
        "fit": "average_SEM", 
        "value": -0.13511030690618403
    }, 
    "H2": {
        "error": 0.11913102395402528, 
        "fit": "average_SEM", 
        "value": -0.0881501026218757
    }, 
    "L1": {
        "error": 0.12170075202132419, 
        "fit": "average_SEM", 
        "value": -0.14106315994285978
    }, 
    "L2": {
        "error": 0.21809305666027537, 
        "fit": "average_SEM", 
        "value": -0.2063187936320901
    }
}