{
    "AX": {
        "error": 0.05974916712647877, 
        "fit": "average_SEM", 
        "value": -0.027964618365028098
    }, 
    "CDD": {
        "error": 0.00024605324016668855, 
        "fit": "average_SEM", 
        "value": 0.00031450399255845697
    }, 
    "H1": {
        "error": 0.11468921130412704, 
        "fit": "average_SEM", 
        "value": -0.1828751049906714
    }, 
    "H2": {
        "error": 0.12137850657021944, 
        "fit": "average_SEM", 
        "value": -0.08609426843177062
    }, 
    "L1": {
        "error": 0.11779730020072351, 
        "fit": "average_SEM", 
        "value": -0.11409949422425901
    }, 
    "L2": {
        "error": 0.22972526889979825, 
        "fit": "average_SEM", 
        "value": -0.13690019117214736
    }
}