{
    "AX": {
        "error": 0.05462104618661113, 
        "fit": "average_SEM", 
        "value": -0.030991901070228776
    }, 
    "CDD": {
        "error": 0.00025242910691407447, 
        "fit": "average_SEM", 
        "value": 0.00031195740108766283
    }, 
    "H1": {
        "error": 0.1240212439373441, 
        "fit": "average_SEM", 
        "value": 0.003017313724315803
    }, 
    "H2": {
        "error": 0.11051635175535196, 
        "fit": "average_SEM", 
        "value": 0.01716438712804423
    }, 
    "L1": {
        "error": 0.10508525064601436, 
        "fit": "average_SEM", 
        "value": -0.01941596668524047
    }, 
    "L2": {
        "error": 0.25990615382094606, 
        "fit": "average_SEM", 
        "value": 0.0946596941462
    }
}