{
    "AX": {
        "error": 0.06402093420954766, 
        "fit": "average_SEM", 
        "value": -0.05687528936638652
    }, 
    "CDD": {
        "error": 0.0002355985667149751, 
        "fit": "average_SEM", 
        "value": 0.00025898830576807084
    }, 
    "H1": {
        "error": 0.11717277228189552, 
        "fit": "average_SEM", 
        "value": 0.014015149156815216
    }, 
    "H2": {
        "error": 0.11838253291154795, 
        "fit": "average_SEM", 
        "value": -0.02149182974668899
    }, 
    "L1": {
        "error": 0.12001635771534774, 
        "fit": "average_SEM", 
        "value": -0.09012674373225309
    }, 
    "L2": {
        "error": 0.1360711440080339, 
        "fit": "average_SEM", 
        "value": -0.049683643192353584
    }
}