{
    "AX": {
        "error": 0.004106164050066891, 
        "fit": "average", 
        "value": -0.05702067517533736
    }, 
    "CDD": {
        "error": 1.9490961956274797e-05, 
        "fit": "average", 
        "value": 0.00026026160110935356
    }, 
    "H1": {
        "error": 0.009939360333519474, 
        "fit": "average", 
        "value": 0.003246647852432469
    }, 
    "H2": {
        "error": 0.009128143708210218, 
        "fit": "average", 
        "value": -0.01424801820027443
    }, 
    "L1": {
        "error": 0.009559110641347514, 
        "fit": "average", 
        "value": -0.05328281360586835
    }, 
    "L2": {
        "error": 0.009703992226729557, 
        "fit": "average", 
        "value": -0.03832340429578145
    }
}