{
    "Ar36": {
        "error": 0.012894676459168183, 
        "fit": "parabolic", 
        "value": 1.0607392683076615
    }, 
    "Ar37": {
        "error": 0.13467158280802882, 
        "fit": "linear", 
        "value": 1.5534376210498686
    }, 
    "Ar38": {
        "error": 0.1127189076136718, 
        "fit": "linear", 
        "value": 0.22830351254455772
    }, 
    "Ar39": {
        "error": 0.062616870790168339, 
        "fit": "parabolic", 
        "value": 2.0767073533806646
    }, 
    "Ar40": {
        "error": 0.23425105499051566, 
        "fit": "parabolic", 
        "value": 318.8139403713601
    }, 
    "Ar41": {
        "error": 0.1116914243508194, 
        "fit": "average_SEM", 
        "value": -0.0021114480988399008
    }
}