{
    "Ar36": {
        "error": 0.020296189570787316, 
        "fit": "parabolic", 
        "value": 2.5269013041623545
    }, 
    "Ar37": {
        "error": 0.15709533089183, 
        "fit": "linear", 
        "value": 25.946326368873059
    }, 
    "Ar38": {
        "error": 0.11751349612946287, 
        "fit": "linear", 
        "value": 2.7662521741932404
    }, 
    "Ar39": {
        "error": 0.094018663153911386, 
        "fit": "parabolic", 
        "value": 68.528057385116668
    }, 
    "Ar40": {
        "error": 0.33212104854190716, 
        "fit": "parabolic", 
        "value": 774.37494463488076
    }, 
    "Ar41": {
        "error": 0.11381839396232898, 
        "fit": "average_SEM", 
        "value": 0.0035251272411551326
    }
}