{
    "Ar36": {
        "error": 0.014085769650221463, 
        "fit": "parabolic", 
        "value": 1.31616781372297
    }, 
    "Ar37": {
        "error": 0.14052582689190743, 
        "fit": "linear", 
        "value": 12.62012242809946
    }, 
    "Ar38": {
        "error": 0.11084591579143734, 
        "fit": "linear", 
        "value": 0.78467933336016715
    }, 
    "Ar39": {
        "error": 0.076891840889041219, 
        "fit": "parabolic", 
        "value": 37.325245081786043
    }, 
    "Ar40": {
        "error": 0.26616958478919744, 
        "fit": "parabolic", 
        "value": 441.22086738204882
    }, 
    "Ar41": {
        "error": 0.11769386049657662, 
        "fit": "average_SEM", 
        "value": 0.0012399549322435633
    }
}