{
    "AX": {
        "error": 0.050915186925357944, 
        "fit": "average_SEM", 
        "value": -0.018730119043983803
    }, 
    "CDD": {
        "error": 6.616286457476463e-05, 
        "fit": "average_SEM", 
        "value": 3.0335131870944882e-05
    }, 
    "H1": {
        "error": 0.12086730724911876, 
        "fit": "average_SEM", 
        "value": 0.1724499153966058
    }, 
    "H2": {
        "error": 0.11591084948303988, 
        "fit": "average_SEM", 
        "value": -0.06206333709293783
    }, 
    "L1": {
        "error": 0.2737778124800312, 
        "fit": "average_SEM", 
        "value": 0.23843696770103026
    }, 
    "L2": {
        "error": 0.12956700526588286, 
        "fit": "average_SEM", 
        "value": 0.20306788004365647
    }
}