{
    "AX": {
        "error": 0.056379973254108026, 
        "fit": "average_SEM", 
        "value": -0.01549807389129572
    }, 
    "CDD": {
        "error": 3.444892487510505e-05, 
        "fit": "average_SEM", 
        "value": 6.067026374188976e-06
    }, 
    "H1": {
        "error": 0.13312473085083143, 
        "fit": "average_SEM", 
        "value": 0.08844610625569152
    }, 
    "H2": {
        "error": 0.11741098303305644, 
        "fit": "average_SEM", 
        "value": -0.13680159422931157
    }, 
    "L1": {
        "error": 0.17784968583959357, 
        "fit": "average_SEM", 
        "value": 0.0882209406195519
    }, 
    "L2": {
        "error": 0.11901545147115375, 
        "fit": "average_SEM", 
        "value": 0.09096947371920881
    }
}