{
    "AX": {
        "error": 0.05570130134488478, 
        "fit": "average_SEM", 
        "value": -0.013734468036434716
    }, 
    "CDD": {
        "error": 3.787477506678738e-05, 
        "fit": "average_SEM", 
        "value": 7.800462481100112e-06
    }, 
    "H1": {
        "error": 0.12333729005194596, 
        "fit": "average_SEM", 
        "value": 0.11372804998100036
    }, 
    "H2": {
        "error": 0.11755356027690121, 
        "fit": "average_SEM", 
        "value": -0.11510545690705637
    }, 
    "L1": {
        "error": 0.18595359506697884, 
        "fit": "average_SEM", 
        "value": 0.10791271602372743
    }, 
    "L2": {
        "error": 0.1307516412073735, 
        "fit": "average_SEM", 
        "value": 0.12442821443837601
    }
}