{
    "AX": {
        "error": 0.05716566228514378, 
        "fit": "average_SEM", 
        "value": -0.03978939762940475
    }, 
    "CDD": {
        "error": 8.932155089006856e-05, 
        "fit": "average_SEM", 
        "value": 5.093181971460581e-05
    }, 
    "H1": {
        "error": 0.11475262068693494, 
        "fit": "average_SEM", 
        "value": 0.2652774768338228
    }, 
    "H2": {
        "error": 0.1112019260702481, 
        "fit": "average_SEM", 
        "value": 0.2505137505164991
    }, 
    "L1": {
        "error": 0.13525352862502546, 
        "fit": "average_SEM", 
        "value": 0.1901333091208168
    }, 
    "L2": {
        "error": 0.24399391743944662, 
        "fit": "average_SEM", 
        "value": 0.4936396001372486
    }
}