{
    "AX": {
        "error": 0.05672366066857383, 
        "fit": "average_SEM", 
        "value": -0.05058873966806156
    }, 
    "CDD": {
        "error": 4.5007200640316296e-05, 
        "fit": "average_SEM", 
        "value": -7.639801575957487e-07
    }, 
    "H1": {
        "error": 0.1193547699457732, 
        "fit": "average_SEM", 
        "value": -0.07404266043255726
    }, 
    "H2": {
        "error": 0.12405364339864353, 
        "fit": "average_SEM", 
        "value": -0.09521384110557847
    }, 
    "L1": {
        "error": 0.11160835749325508, 
        "fit": "average_SEM", 
        "value": -0.08270596145694072
    }, 
    "L2": {
        "error": 0.13049517247869338, 
        "fit": "average_SEM", 
        "value": -0.06715684577357024
    }
}