{
    "AX": {
        "error": 0.05206368141073756, 
        "fit": "average_SEM", 
        "value": -0.026368072750119608
    }, 
    "CDD": {
        "error": 9.803881972708355e-05, 
        "fit": "average_SEM", 
        "value": 6.239147915039211e-05
    }, 
    "H1": {
        "error": 0.11662909716630863, 
        "fit": "average_SEM", 
        "value": -0.08898102455520226
    }, 
    "H2": {
        "error": 0.10703450134117447, 
        "fit": "average_SEM", 
        "value": -0.059374462807318194
    }, 
    "L1": {
        "error": 0.12613157724066323, 
        "fit": "average_SEM", 
        "value": -0.0933409579093374
    }, 
    "L2": {
        "error": 0.24418376562889155, 
        "fit": "average_SEM", 
        "value": -0.08379214159989108
    }
}