{
    "AX": {
        "error": 0.06079089858865436, 
        "fit": "average_SEM", 
        "value": -0.018287286364284228
    }, 
    "CDD": {
        "error": 7.919278995071591e-05, 
        "fit": "average_SEM", 
        "value": 4.838522872887552e-05
    }, 
    "H1": {
        "error": 0.1054449404576487, 
        "fit": "average_SEM", 
        "value": -0.34496674351394174
    }, 
    "H2": {
        "error": 0.11193648074300563, 
        "fit": "average_SEM", 
        "value": -0.2231050656720375
    }, 
    "L1": {
        "error": 0.11016422846862138, 
        "fit": "average_SEM", 
        "value": -0.2669608749759694
    }, 
    "L2": {
        "error": 0.288968998019876, 
        "fit": "average_SEM", 
        "value": -0.03722104187278698
    }
}