{
    "AX": {
        "error": 0.004936778001247319, 
        "fit": "average_SEM", 
        "value": -0.07662525005392073
    }, 
    "CDD": {
        "error": 0.0, 
        "fit": "average_SEM", 
        "value": -1.2223639714648016e-05
    }, 
    "H1": {
        "error": 0.011528850896175061, 
        "fit": "average_SEM", 
        "value": -0.06346045086537017
    }, 
    "H2": {
        "error": 0.009419418416902626, 
        "fit": "average_SEM", 
        "value": -0.10277468730306157
    }, 
    "L1": {
        "error": 0.011302587279952231, 
        "fit": "average_SEM", 
        "value": -0.08610242999169383
    }, 
    "L2": {
        "error": 0.014751752816432866, 
        "fit": "average_SEM", 
        "value": -0.0249555690177909
    }
}