{
    "AX": {
        "error": 0.05311983822309776, 
        "fit": "average_SEM", 
        "value": -0.04684678056946723
    }, 
    "CDD": {
        "error": 4.427473145273854e-05, 
        "fit": "average_SEM", 
        "value": 1.4006250421516597e-05
    }, 
    "H1": {
        "error": 0.10447227840323774, 
        "fit": "average_SEM", 
        "value": 0.40603043598433336
    }, 
    "H2": {
        "error": 0.10428645093352856, 
        "fit": "average_SEM", 
        "value": 0.3205612352117896
    }, 
    "L1": {
        "error": 0.12071488214962914, 
        "fit": "average_SEM", 
        "value": 0.2714782313831771
    }, 
    "L2": {
        "error": 0.2387874924546332, 
        "fit": "average_SEM", 
        "value": 0.48848153749325623
    }
}