{
    "AX": {
        "error": 0.05228419498022418, 
        "fit": "average_SEM", 
        "value": -0.0660657161550868
    }, 
    "CDD": {
        "error": 6.26269803856818e-05, 
        "fit": "average_SEM", 
        "value": 1.196897490747991e-05
    }, 
    "H1": {
        "error": 0.11797756980729696, 
        "fit": "average_SEM", 
        "value": -0.06232036545698065
    }, 
    "H2": {
        "error": 0.1182951538382158, 
        "fit": "average_SEM", 
        "value": -0.09676626126359528
    }, 
    "L1": {
        "error": 0.10841442650140273, 
        "fit": "average_SEM", 
        "value": -0.05931519592074134
    }, 
    "L2": {
        "error": 0.1513880418913203, 
        "fit": "average_SEM", 
        "value": -0.04587640596825319
    }
}