{
    "AX": {
        "error": 0.05435739768272025, 
        "fit": "average_SEM", 
        "value": -0.06910224629100412
    }, 
    "CDD": {
        "error": 9.821376352313295e-05, 
        "fit": "average_SEM", 
        "value": 5.144113555009729e-05
    }, 
    "H1": {
        "error": 0.1091245486189571, 
        "fit": "average_SEM", 
        "value": -0.07760938759941685
    }, 
    "H2": {
        "error": 0.11945735296237463, 
        "fit": "average_SEM", 
        "value": -0.0919463142810855
    }, 
    "L1": {
        "error": 0.12017548366713049, 
        "fit": "average_SEM", 
        "value": -0.0803767970520615
    }, 
    "L2": {
        "error": 0.15036036499434768, 
        "fit": "average_SEM", 
        "value": -0.05465576692561929
    }
}