{
    "AX": {
        "error": 0.06067251644013303, 
        "fit": "average_SEM", 
        "value": -0.06339492687451033
    }, 
    "CDD": {
        "error": 0.00016688994366023972, 
        "fit": "average_SEM", 
        "value": 0.00013802523023211203
    }, 
    "H1": {
        "error": 0.11059555719383914, 
        "fit": "average_SEM", 
        "value": -0.00247099645397005
    }, 
    "H2": {
        "error": 0.11701562747787783, 
        "fit": "average_SEM", 
        "value": -0.04968122983918875
    }, 
    "L1": {
        "error": 0.13135212372899926, 
        "fit": "average_SEM", 
        "value": -0.06357131413145302
    }, 
    "L2": {
        "error": 0.13191666731045315, 
        "fit": "average_SEM", 
        "value": -0.03084816668391189
    }
}