{
    "AX": {
        "error": 0.05697786523573041, 
        "fit": "average_SEM", 
        "value": -0.061184904134521885
    }, 
    "CDD": {
        "error": 0.00011729335456101778, 
        "fit": "average_SEM", 
        "value": 8.327352311425784e-05
    }, 
    "H1": {
        "error": 0.12636700499953912, 
        "fit": "average_SEM", 
        "value": 0.018811093484449277
    }, 
    "H2": {
        "error": 0.11302596706770299, 
        "fit": "average_SEM", 
        "value": -0.05646613305580104
    }, 
    "L1": {
        "error": 0.12335225134579134, 
        "fit": "average_SEM", 
        "value": -0.06256205209453279
    }, 
    "L2": {
        "error": 0.13594634700174268, 
        "fit": "average_SEM", 
        "value": -0.050297024634589134
    }
}