{
    "AX": {
        "error": 0.052641367668916875, 
        "fit": "average_SEM", 
        "value": -0.057583183456154076
    }, 
    "CDD": {
        "error": 9.325268446387854e-05, 
        "fit": "average_SEM", 
        "value": 3.7434884961839995e-05
    }, 
    "H1": {
        "error": 0.10690572091136306, 
        "fit": "average_SEM", 
        "value": 0.013301424534680943
    }, 
    "H2": {
        "error": 0.11388522533653249, 
        "fit": "average_SEM", 
        "value": -0.03925881328395917
    }, 
    "L1": {
        "error": 0.12513092317773952, 
        "fit": "average_SEM", 
        "value": -0.06710603698156774
    }, 
    "L2": {
        "error": 0.14219869080860906, 
        "fit": "average_SEM", 
        "value": -0.0372886388679035
    }
}