{
    "AX": {
        "error": 0.05614026996599345, 
        "fit": "average_SEM", 
        "value": -0.0634049260780254
    }, 
    "CDD": {
        "error": 0.00017245454313910203, 
        "fit": "average_SEM", 
        "value": 0.00018768375499954952
    }, 
    "H1": {
        "error": 0.11410237018315118, 
        "fit": "average_SEM", 
        "value": -0.010267231279673677
    }, 
    "H2": {
        "error": 0.10863842674928387, 
        "fit": "average_SEM", 
        "value": -0.05111289285753931
    }, 
    "L1": {
        "error": 0.09441790732422874, 
        "fit": "average_SEM", 
        "value": -0.08860089262549688
    }, 
    "L2": {
        "error": 0.13367847519219989, 
        "fit": "average_SEM", 
        "value": -0.03145935683472392
    }
}