{
    "AX": {
        "error": 0.056060151903953644, 
        "fit": "average_SEM", 
        "value": -0.06942934183171019
    }, 
    "CDD": {
        "error": 0.00014099226204287074, 
        "fit": "average_SEM", 
        "value": 0.00011383261529166097
    }, 
    "H1": {
        "error": 0.11460487058708119, 
        "fit": "average_SEM", 
        "value": 0.005092248108121566
    }, 
    "H2": {
        "error": 0.11409289876530293, 
        "fit": "average_SEM", 
        "value": -0.05353390638968752
    }, 
    "L1": {
        "error": 0.11415551103922324, 
        "fit": "average_SEM", 
        "value": -0.0763384606965701
    }, 
    "L2": {
        "error": 0.14919184214351636, 
        "fit": "average_SEM", 
        "value": -0.025801191482848176
    }
}