{
    "AX": {
        "error": 0.06739471090149447, 
        "fit": "average_SEM", 
        "value": -0.0668879179264574
    }, 
    "CDD": {
        "error": 0.00010264176544591556, 
        "fit": "average_SEM", 
        "value": 5.653431755187436e-05
    }, 
    "H1": {
        "error": 0.11764722164516948, 
        "fit": "average_SEM", 
        "value": -0.0486792089145941
    }, 
    "H2": {
        "error": 0.11846967961584585, 
        "fit": "average_SEM", 
        "value": -0.037576667319323555
    }, 
    "L1": {
        "error": 0.11457274486316092, 
        "fit": "average_SEM", 
        "value": -0.05177300134576702
    }, 
    "L2": {
        "error": 0.1272676703999834, 
        "fit": "average_SEM", 
        "value": -0.02588714046384363
    }
}