{
    "Ar36": {
        "error": 0.031138965778363937, 
        "fit": "parabolic", 
        "value": 6.2028593362593041
    }, 
    "Ar37": {
        "error": 0.24124204110416395, 
        "fit": "linear", 
        "value": 5.8094131460460714
    }, 
    "Ar38": {
        "error": 0.12051649014055733, 
        "fit": "linear", 
        "value": 1.5330811941928348
    }, 
    "Ar39": {
        "error": 0.069833607459925701, 
        "fit": "parabolic", 
        "value": 19.797410931675184
    }, 
    "Ar40": {
        "error": 0.49378148128200777, 
        "fit": "parabolic", 
        "value": 1840.5977939153008
    }, 
    "Ar41": {
        "error": 0.11103214416571917, 
        "fit": "average_SEM", 
        "value": -0.18860080092854331
    }
}