{
    "Ar36": {
        "error": 0.0098668377706939911, 
        "fit": "parabolic", 
        "value": 0.65473324554671419
    }, 
    "Ar37": {
        "error": 0.28606226085264702, 
        "fit": "linear", 
        "value": 53.542968375790053
    }, 
    "Ar38": {
        "error": 0.11901681329982676, 
        "fit": "linear", 
        "value": 0.099457722984845592
    }, 
    "Ar39": {
        "error": 0.066082939550730732, 
        "fit": "parabolic", 
        "value": 10.891098020033436
    }, 
    "Ar40": {
        "error": 0.19277957172659652, 
        "fit": "parabolic", 
        "value": 188.4358918159293
    }, 
    "Ar41": {
        "error": 0.12188941696884073, 
        "fit": "average_SEM", 
        "value": -0.22490468438511016
    }
}