{
    "Ar36": {
        "error": 0.019768885387746332, 
        "fit": "parabolic", 
        "value": 2.8348232950952337
    }, 
    "Ar37": {
        "error": 0.23903520420036009, 
        "fit": "linear", 
        "value": 12.891847908768401
    }, 
    "Ar38": {
        "error": 0.11023130269841568, 
        "fit": "linear", 
        "value": 2.2034206476665963
    }, 
    "Ar39": {
        "error": 0.08384303747965044, 
        "fit": "parabolic", 
        "value": 37.514135321432249
    }, 
    "Ar40": {
        "error": 0.35056822853122344, 
        "fit": "parabolic", 
        "value": 854.83037617664831
    }, 
    "Ar41": {
        "error": 0.11650102262572026, 
        "fit": "average_SEM", 
        "value": 0.14521565803748671
    }
}