{
    "AX": {
        "error": 0.058702422476122756, 
        "fit": "average_SEM", 
        "value": -0.010885907007711164
    }, 
    "CDD": {
        "error": 0.00021468495084829995, 
        "fit": "average_SEM", 
        "value": 0.0002971871714786782
    }, 
    "H1": {
        "error": 0.11726300186136861, 
        "fit": "average_SEM", 
        "value": 0.025547767249615088
    }, 
    "H2": {
        "error": 0.1098577646519005, 
        "fit": "average_SEM", 
        "value": -0.015386024410448347
    }, 
    "L1": {
        "error": 0.11542070391717146, 
        "fit": "average_SEM", 
        "value": -0.07406023568861807
    }, 
    "L2": {
        "error": 0.13016693026379464, 
        "fit": "average_SEM", 
        "value": -0.023811790894251318
    }
}