{
    "AX": {
        "error": 0.056323914531120116, 
        "fit": "average_SEM", 
        "value": -0.007455527580168564
    }, 
    "CDD": {
        "error": 8.446732072810539e-05, 
        "fit": "average_SEM", 
        "value": 3.1068407482356025e-05
    }, 
    "H1": {
        "error": 0.12982603773563212, 
        "fit": "average_SEM", 
        "value": -0.017568834398601515
    }, 
    "H2": {
        "error": 0.10123701511598551, 
        "fit": "average_SEM", 
        "value": -0.010944593463257964
    }, 
    "L1": {
        "error": 0.11869027686838314, 
        "fit": "average_SEM", 
        "value": -0.06768049021581343
    }, 
    "L2": {
        "error": 0.14934875707667525, 
        "fit": "average_SEM", 
        "value": -0.037444930989295244
    }
}