{
    "AX": {
        "error": 0.04631302848574404, 
        "fit": "average", 
        "value": -0.07593941288068891
    }, 
    "CDD": {
        "error": 0.000138565261404868, 
        "fit": "average", 
        "value": 0.0001324227312579751
    }, 
    "H1": {
        "error": 0.10683329103009315, 
        "fit": "average", 
        "value": -0.040037190945064326
    }, 
    "H2": {
        "error": 0.08912102429772714, 
        "fit": "average", 
        "value": -0.04064954258552589
    }, 
    "L1": {
        "error": 0.09719867087687771, 
        "fit": "average", 
        "value": -0.11406950808856797
    }, 
    "L2": {
        "error": 0.11342659221179315, 
        "fit": "average", 
        "value": -0.009635888223470076
    }
}