{
    "AX": {
        "error": 0.05341088908122339, 
        "fit": "average_SEM", 
        "value": 0.00944445370696485
    }, 
    "CDD": {
        "error": 0.000245604326611443, 
        "fit": "average_SEM", 
        "value": 0.0003412431988787527
    }, 
    "H1": {
        "error": 0.12753081611296757, 
        "fit": "average_SEM", 
        "value": -0.07539100575292347
    }, 
    "H2": {
        "error": 0.11622870503760237, 
        "fit": "average_SEM", 
        "value": -0.0630684556866375
    }, 
    "L1": {
        "error": 0.1238447986268973, 
        "fit": "average_SEM", 
        "value": -0.09940984403171266
    }, 
    "L2": {
        "error": 0.21888839682798278, 
        "fit": "average_SEM", 
        "value": -0.21376465663003424
    }
}