{
    "AX": {
        "error": 0.06192832833845783, 
        "fit": "average_SEM", 
        "value": -0.053932759964178935
    }, 
    "CDD": {
        "error": 0.0001576406234023039, 
        "fit": "average_SEM", 
        "value": 0.000166037730999354
    }, 
    "H1": {
        "error": 0.11721838895996789, 
        "fit": "average_SEM", 
        "value": -0.006827920814491032
    }, 
    "H2": {
        "error": 0.11589799970606872, 
        "fit": "average_SEM", 
        "value": -0.05576546526669214
    }, 
    "L1": {
        "error": 0.11394184595649298, 
        "fit": "average_SEM", 
        "value": -0.1051113634564293
    }, 
    "L2": {
        "error": 0.13942300504546537, 
        "fit": "average_SEM", 
        "value": -0.03985368898574961
    }
}