{
    "AX": {
        "error": 0.05691364949340349, 
        "fit": "average_SEM", 
        "value": -0.01654571096759254
    }, 
    "CDD": {
        "error": 0.00013647340775685697, 
        "fit": "average_SEM", 
        "value": 0.0001324227312579751
    }, 
    "H1": {
        "error": 0.11654137695676228, 
        "fit": "average_SEM", 
        "value": -0.4428426100536146
    }, 
    "H2": {
        "error": 0.11273040382830979, 
        "fit": "average_SEM", 
        "value": -0.2878426893924673
    }, 
    "L1": {
        "error": 0.10850155170858318, 
        "fit": "average_SEM", 
        "value": -0.3106448561780982
    }, 
    "L2": {
        "error": 0.24566397064845358, 
        "fit": "average_SEM", 
        "value": -0.2823801460055014
    }
}