{
    "AX": {
        "error": 0.05314838046343492, 
        "fit": "average_SEM", 
        "value": -0.024861926466110164
    }, 
    "CDD": {
        "error": 0.0001251168308664348, 
        "fit": "average_SEM", 
        "value": 0.0001209630718221888
    }, 
    "H1": {
        "error": 0.1171856340016844, 
        "fit": "average_SEM", 
        "value": -0.15926796676903904
    }, 
    "H2": {
        "error": 0.11130000554339267, 
        "fit": "average_SEM", 
        "value": -0.11634274423704483
    }, 
    "L1": {
        "error": 0.12031743377836472, 
        "fit": "average_SEM", 
        "value": -0.14595101480275238
    }, 
    "L2": {
        "error": 0.23707932084709873, 
        "fit": "average_SEM", 
        "value": -0.13310857995044595
    }
}