{
    "AX": {
        "error": 0.050800046044079464, 
        "fit": "average_SEM", 
        "value": -0.037091333061349964
    }, 
    "CDD": {
        "error": 9.940507834974923e-05, 
        "fit": "average_SEM", 
        "value": 5.857159267179668e-05
    }, 
    "H1": {
        "error": 0.11253834038347314, 
        "fit": "average_SEM", 
        "value": 0.29778269634892546
    }, 
    "H2": {
        "error": 0.10943623093838363, 
        "fit": "average_SEM", 
        "value": 0.25848062089644375
    }, 
    "L1": {
        "error": 0.1150588725942368, 
        "fit": "average_SEM", 
        "value": 0.20485755337479836
    }, 
    "L2": {
        "error": 0.22323179044389682, 
        "fit": "average_SEM", 
        "value": 0.25039312347459297
    }
}