{
    "Ar36": {
        "error": 0.025364753248684507, 
        "fit": "parabolic", 
        "value": 4.3681314788366281
    }, 
    "Ar37": {
        "error": 0.25298197439627651, 
        "fit": "linear", 
        "value": -0.63820138160870954
    }, 
    "Ar38": {
        "error": 0.11477332488477546, 
        "fit": "linear", 
        "value": 0.4021115412424206
    }, 
    "Ar39": {
        "error": 0.055888119686705824, 
        "fit": "parabolic", 
        "value": 0.055077813497341657
    }, 
    "Ar40": {
        "error": 0.43483459140818109, 
        "fit": "parabolic", 
        "value": 1319.3794478308989
    }, 
    "Ar41": {
        "error": 0.12323189864116475, 
        "fit": "average_SEM", 
        "value": -0.37150085376575587
    }
}