{
    "Ar36": {
        "error": 0.025231237108577134, 
        "fit": "parabolic", 
        "value": 4.4506162570611991
    }, 
    "Ar37": {
        "error": 0.23322057392394785, 
        "fit": "linear", 
        "value": 0.34847843693183755
    }, 
    "Ar38": {
        "error": 0.11883843496030162, 
        "fit": "linear", 
        "value": 0.93295298659728032
    }, 
    "Ar39": {
        "error": 0.058618214659157487, 
        "fit": "parabolic", 
        "value": -0.021973757260684852
    }, 
    "Ar40": {
        "error": 0.43761248262677482, 
        "fit": "parabolic", 
        "value": 1345.474963696988
    }, 
    "Ar41": {
        "error": 0.11106585101638175, 
        "fit": "average_SEM", 
        "value": 0.14999296589710867
    }
}