{
    "Ar36": {
        "error": 0.027602266633078871, 
        "fit": "parabolic", 
        "value": 4.4122509912875501
    }, 
    "Ar37": {
        "error": 0.2043030546965163, 
        "fit": "linear", 
        "value": 0.69105885110406251
    }, 
    "Ar38": {
        "error": 0.11414375724645717, 
        "fit": "linear", 
        "value": 1.3345803730259513
    }, 
    "Ar39": {
        "error": 0.053736617888631683, 
        "fit": "parabolic", 
        "value": -0.038821988595424337
    }, 
    "Ar40": {
        "error": 0.40668853946476546, 
        "fit": "parabolic", 
        "value": 1332.1239892225462
    }, 
    "Ar41": {
        "error": 0.11645384239662843, 
        "fit": "average_SEM", 
        "value": 0.5984591886401176
    }
}