{
    "Ar36": {
        "error": 0.028711368221669708, 
        "fit": "parabolic", 
        "value": 5.3564699962767603
    }, 
    "Ar37": {
        "error": 0.13509108185828655, 
        "fit": "linear", 
        "value": -0.031885136843618572
    }, 
    "Ar38": {
        "error": 0.12437985558303041, 
        "fit": "linear", 
        "value": 0.95332810268871571
    }, 
    "Ar39": {
        "error": 0.063564646209360948, 
        "fit": "parabolic", 
        "value": -0.040119089497150873
    }, 
    "Ar40": {
        "error": 0.49491677369408432, 
        "fit": "parabolic", 
        "value": 1621.2155411117897
    }, 
    "Ar41": {
        "error": 0.10993158015706316, 
        "fit": "average_SEM", 
        "value": -0.011560040802942239
    }
}