{
    "Ar36": {
        "error": 0.00019677024498656953, 
        "fit": "parabolic", 
        "value": 0.0067404546403084112
    }, 
    "Ar37": {
        "error": 0.013325851731150034, 
        "fit": "linear", 
        "value": -0.024478322026108459
    }, 
    "Ar38": {
        "error": 0.011483986075310294, 
        "fit": "linear", 
        "value": -0.069222122485588344
    }, 
    "Ar39": {
        "error": 0.0088732632039472195, 
        "fit": "parabolic", 
        "value": -0.042438226309555134
    }, 
    "Ar40": {
        "error": 0.018629596778140779, 
        "fit": "parabolic", 
        "value": 1.7577470182991917
    }, 
    "Ar41": {
        "error": 0.0053738556136046084, 
        "fit": "average", 
        "value": -0.049580078529498466
    }
}