{
    "Ar36": {
        "error": 0.00038645777346400572, 
        "fit": "parabolic", 
        "value": 0.0058787781188483056
    }, 
    "Ar37": {
        "error": 0.021181545268123422, 
        "fit": "linear", 
        "value": 0.030281261821669361
    }, 
    "Ar38": {
        "error": 0.020871978570195831, 
        "fit": "linear", 
        "value": -0.077721255410761594
    }, 
    "Ar39": {
        "error": 0.018915041973154266, 
        "fit": "parabolic", 
        "value": -0.040998531767986492
    }, 
    "Ar40": {
        "error": 0.039450537741994939, 
        "fit": "parabolic", 
        "value": 1.3864013340332564
    }, 
    "Ar41": {
        "error": 0.0058294817579785749, 
        "fit": "average_SEM", 
        "value": -0.056862942875108444
    }
}