{
    "Ar36": {
        "error": 0.021710842984077432, 
        "fit": "parabolic", 
        "value": 3.4247500892153901
    }, 
    "Ar37": {
        "error": 0.16721472720430475, 
        "fit": "linear", 
        "value": 44.281615016612598
    }, 
    "Ar38": {
        "error": 0.11845954944484978, 
        "fit": "linear", 
        "value": 1.8963088807766968
    }, 
    "Ar39": {
        "error": 0.081625411285674604, 
        "fit": "parabolic", 
        "value": 46.075958971231962
    }, 
    "Ar40": {
        "error": 0.37285828968518925, 
        "fit": "parabolic", 
        "value": 1041.0008883963912
    }, 
    "Ar41": {
        "error": 0.10926130828905709, 
        "fit": "average_SEM", 
        "value": -0.027942706154353802
    }
}