{
    "Ar36": {
        "error": 0.0019477257209353769, 
        "fit": "parabolic", 
        "value": 1.0698974606180234
    }, 
    "Ar37": {
        "error": 0.014110863782575991, 
        "fit": "linear", 
        "value": 13.329818427744762
    }, 
    "Ar38": {
        "error": 0.010999406929372445, 
        "fit": "linear", 
        "value": 0.31527364385284268
    }, 
    "Ar39": {
        "error": 0.0093322172868842718, 
        "fit": "parabolic", 
        "value": 4.9877857510255739
    }, 
    "Ar40": {
        "error": 0.033361384317195181, 
        "fit": "parabolic", 
        "value": 318.28523610777768
    }, 
    "Ar41": {
        "error": 0.004488665666902085, 
        "fit": "average_SEM", 
        "value": -0.029346309421767233
    }
}