{
    "Ar36": {
        "error": 0.0038595768711347711, 
        "fit": "parabolic", 
        "value": 4.7579654701077212
    }, 
    "Ar37": {
        "error": 0.01385767434102643, 
        "fit": "linear", 
        "value": 16.820526043477095
    }, 
    "Ar38": {
        "error": 0.011043646127752355, 
        "fit": "linear", 
        "value": 1.1955663708876432
    }, 
    "Ar39": {
        "error": 0.010513071924993345, 
        "fit": "parabolic", 
        "value": 15.263660373258096
    }, 
    "Ar40": {
        "error": 0.068176773891045747, 
        "fit": "parabolic", 
        "value": 1425.3206725195239
    }, 
    "Ar41": {
        "error": 0.0051196787040593394, 
        "fit": "average_SEM", 
        "value": -0.039160485018901681
    }
}