{
    "Ar36": {
        "error": 0.0078236928578458917, 
        "fit": "parabolic", 
        "value": 0.43543078661051859
    }, 
    "Ar37": {
        "error": 0.1363829293415616, 
        "fit": "linear", 
        "value": 6.768659139326668
    }, 
    "Ar38": {
        "error": 0.12033215331792403, 
        "fit": "linear", 
        "value": 0.72170517695509262
    }, 
    "Ar39": {
        "error": 0.08805843669956688, 
        "fit": "parabolic", 
        "value": 49.526693227869984
    }, 
    "Ar40": {
        "error": 0.17583478512643963, 
        "fit": "parabolic", 
        "value": 156.50959737262792
    }, 
    "Ar41": {
        "error": 0.11731823401303645, 
        "fit": "average_SEM", 
        "value": -0.057972804628370796
    }
}