{
    "Ar36": {
        "error": 0.017109028892769537, 
        "fit": "linear", 
        "value": 2.1979889427925099
    }, 
    "Ar37": {
        "error": 0.15206182509307359, 
        "fit": "linear", 
        "value": 17.567819155850525
    }, 
    "Ar38": {
        "error": 0.10387713800441696, 
        "fit": "linear", 
        "value": 0.66092440947821851
    }, 
    "Ar39": {
        "error": 0.067138820295002552, 
        "fit": "linear", 
        "value": 14.339242189726363
    }, 
    "Ar40": {
        "error": 0.29778039852141142, 
        "fit": "linear", 
        "value": 661.92142640649013
    }, 
    "Ar41": {
        "error": 0.12328432559455668, 
        "fit": "average_SEM", 
        "value": -0.025733842495052766
    }
}