{
    "Ar36": {
        "error": 0.025210124744185224, 
        "fit": "parabolic", 
        "value": 4.6790533895702939
    }, 
    "Ar37": {
        "error": 0.14257234268758057, 
        "fit": "linear", 
        "value": 12.690779225125269
    }, 
    "Ar38": {
        "error": 0.11273576110924316, 
        "fit": "linear", 
        "value": 1.810242656894467
    }, 
    "Ar39": {
        "error": 0.079063788549731118, 
        "fit": "parabolic", 
        "value": 37.053569427566686
    }, 
    "Ar40": {
        "error": 0.47710372566532361, 
        "fit": "parabolic", 
        "value": 1417.5951729750991
    }, 
    "Ar41": {
        "error": 0.12628576894583277, 
        "fit": "average_SEM", 
        "value": -0.016653862496168584
    }
}