{
    "Ar36": {
        "error": 0.021700744254301976, 
        "fit": "parabolic", 
        "value": 3.0501588041476904
    }, 
    "Ar37": {
        "error": 0.27058802597585768, 
        "fit": "linear", 
        "value": 7.7184736605804307
    }, 
    "Ar38": {
        "error": 0.10864101664600241, 
        "fit": "linear", 
        "value": 1.4299993896426915
    }, 
    "Ar39": {
        "error": 0.065312863880213734, 
        "fit": "parabolic", 
        "value": 17.544513017878415
    }, 
    "Ar40": {
        "error": 0.36682496030204736, 
        "fit": "parabolic", 
        "value": 932.27786360043126
    }, 
    "Ar41": {
        "error": 0.1154120355957934, 
        "fit": "average_SEM", 
        "value": 0.10771099027188029
    }
}