{
    "Ar36": {
        "error": 0.0023798891891684214, 
        "fit": "parabolic", 
        "value": 0.025154120405558887
    }, 
    "Ar37": {
        "error": 0.13149118037655319, 
        "fit": "linear", 
        "value": 0.25615826095785632
    }, 
    "Ar38": {
        "error": 0.26586474767395901, 
        "fit": "linear", 
        "value": 0.18232077266401528
    }, 
    "Ar39": {
        "error": 0.06268148322584001, 
        "fit": "parabolic", 
        "value": 0.071381606378040072
    }, 
    "Ar40": {
        "error": 0.1448043016415598, 
        "fit": "parabolic", 
        "value": 11.944285951302765
    }, 
    "Ar41": {
        "error": 0.11459850730796989, 
        "fit": "average_SEM", 
        "value": -0.07359900008688515
    }
}