{
    "Ar36": {
        "error": 0.0083742191917495559, 
        "fit": "parabolic", 
        "value": 0.47395767160101793
    }, 
    "Ar37": {
        "error": 0.22911421349090078, 
        "fit": "linear", 
        "value": 35.342975472283072
    }, 
    "Ar38": {
        "error": 0.12141752221998837, 
        "fit": "linear", 
        "value": 1.0694722228246714
    }, 
    "Ar39": {
        "error": 0.071570221684673599, 
        "fit": "parabolic", 
        "value": 22.478974142637753
    }, 
    "Ar40": {
        "error": 0.17949998695102326, 
        "fit": "parabolic", 
        "value": 148.27082067444621
    }, 
    "Ar41": {
        "error": 0.11757588808073428, 
        "fit": "average_SEM", 
        "value": 0.2630402224266436
    }
}