{
    "Ar36": {
        "error": 0.012587080142443554, 
        "fit": "Parabolic", 
        "value": 1.4519248726190601
    }, 
    "Ar37": {
        "error": 0.13404272245655993, 
        "fit": "linear", 
        "value": 22.121579717910937
    }, 
    "Ar38": {
        "error": 0.10280406662004875, 
        "fit": "linear", 
        "value": 0.50642252289949941
    }, 
    "Ar39": {
        "error": 0.054222613963582252, 
        "fit": "Parabolic", 
        "value": 9.6042357540944074
    }, 
    "Ar40": {
        "error": 0.23402282729302354, 
        "fit": "Parabolic", 
        "value": 448.22658278270364
    }, 
    "Ar41": {
        "error": 0.10999536310645926, 
        "fit": "linear", 
        "value": -0.015410248368852306
    }
}