{
    "Ar36": {
        "error": 0.0012382506785188633, 
        "fit": "parabolic", 
        "value": 0.0082350112967921572
    }, 
    "Ar37": {
        "error": 0.12538533686794393, 
        "fit": "linear", 
        "value": 0.23494386875331541
    }, 
    "Ar38": {
        "error": 0.32069281125543769, 
        "fit": "linear", 
        "value": 0.045939444148958793
    }, 
    "Ar39": {
        "error": 0.056194473722596443, 
        "fit": "parabolic", 
        "value": -0.014026658171682992
    }, 
    "Ar40": {
        "error": 0.13730913420704871, 
        "fit": "parabolic", 
        "value": 2.6277289891373128
    }, 
    "Ar41": {
        "error": 0.12422097058644077, 
        "fit": "average_SEM", 
        "value": -0.043767824389506133
    }
}