{
    "Ar36": {
        "error": 0.0002022166164627082, 
        "filter_outliers_dict": {
            "filter_outliers": true, 
            "iterations": 1, 
            "std_devs": 2
        }, 
        "fit": "Parabolic", 
        "value": 0.006310472424813985
    }, 
    "Ar37": {
        "error": 0.004960412022602283, 
        "filter_outliers_dict": {
            "filter_outliers": true, 
            "iterations": 1, 
            "std_devs": 2
        }, 
        "fit": "linear", 
        "value": -0.0018462012018397196
    }, 
    "Ar38": {
        "error": 0.002077050792998122, 
        "filter_outliers_dict": {
            "filter_outliers": true, 
            "iterations": 1, 
            "std_devs": 2
        }, 
        "fit": "linear", 
        "value": -0.0052722897916940865
    }, 
    "Ar39": {
        "error": 0.009014027417910209, 
        "filter_outliers_dict": {
            "filter_outliers": true, 
            "iterations": 1, 
            "std_devs": 2
        }, 
        "fit": "Parabolic", 
        "value": 0.0046538036360943775
    }, 
    "Ar40": {
        "error": 0.007218083068917245, 
        "filter_outliers_dict": {
            "filter_outliers": true, 
            "iterations": 1, 
            "std_devs": 2
        }, 
        "fit": "Parabolic", 
        "value": 0.521687202416165
    }, 
    "Ar41": {
        "error": 0.004451535548662973, 
        "filter_outliers_dict": {
            "filter_outliers": true, 
            "iterations": 1, 
            "std_devs": 2
        }, 
        "fit": "linear", 
        "value": -0.15661363719701407
    }
}